,Account_ID,Email,Phone_number,Login_verification_method,country,name,address,password
0,10000,Isla.Bull@gmail.com,714-676-1997,OTP,USA,Isla Bull,456 Willow Court 2101 Arizona,472bed188a28e6c46589dab4c0df8ba4
1,10001,Ben.Tate@gmail.com,552-870-432,OTP,USA,Ben Tate,468 Willow Road 94203 Maine,4a9474ef974e36af55f2f568a86324fe
2,10002,Margaret.Ward@gmail.com,341-794-635,device,USA,Margaret Ward,246 Oakwood Circle 98102 Tennessee,18bc85f73aeddd4732e9c258760d1c6c
3,10003,Lily.Rawl@gmail.com,185-576-9108,device,USA,Lily Rawlings,567 Pine Terrace 85006 Illinois,da47ed44413c0cf8d7c31fe43c4df043
4,10004,Justin.Cole@gmail.com,440-591-2064,Email,USA,Justin Coles,890 Willow Way 85001 Iowa,3e32d5a70fbbe4e7b0650016d2b1e618
5,10005,Muhammed.Will@gmail.com,382-157-2752,OTP,USA,Muhammed Williams,680 Cedar Boulevard 55101 California,5ba4e9bf3f7ad9ede42f85e33e1a2551
6,10006,Isla.Brew@gmail.com,443-681-1963,device,USA,Isla Brewer,890 Pine Boulevard 85002 Delaware,6bae9029ccbbabae3c83a308812b745a
7,10007,Beatrice.Cole@gmail.com,771-341-1828,Email,Thai,Beatrice Coles,567 Oak Drive 23223 ChaiNat,21f12674d3983855f314b0fc73b5cb1d
8,10008,Steve.Good@gmail.com,537-364-5442,OTP,Thai,Steve Goodwin,579 Oakwood Avenue 85004 Ranong,c7d9eec068f0c0e67bb800f1ac4e0569
9,10009,Eloise.Carl@gmail.com,351-801-1972,device,Thai,Eloise Carlson,357 Pine Hill Road 98101 AmnatCharoen,cedf8ec702a7fbdea44f592d2c14238a
10,10010,Hugo.Butl@gmail.com,442-709-4212,device,Thai,Hugo Butler,246 Birch Path 23220 Kalasin,b4b525eaa0d7f8c9e31eee362b5f2ee7
11,10011,Lily.Ward@gmail.com,575-231-5703,OTP,Thai,Lily Ward,678 Willow Avenue 98104 Mukdahan,684fb0d40748126f20af62e324fe3c95
12,10012,Declan.Bull@gmail.com,175-164-2516,Email,Thai,Declan Bull,791 Oakwood Boulevard 97205 Loei,55b8f7b7ab66b94fae1191caf2f29f60
13,10013,Beatrice.Sing@gmail.com,721-612-1722,Email,Thai,Beatrice Singh,567 Cedar Lane 33101 KhonKaen,0f9f463c3bca9d99b8e1a9cbe72de014
14,10014,Hugo.Clar@gmail.com,253-500-2881,OTP,Japan,Hugo Clark,234 Willow Circle 37202 Nagasaki,25e89fd3434ba19ef0bbedbe4e745e66
15,10015,Isla.Sing@gmail.com,936-185-7035,device,Japan,Isla Singh,357 Pine Boulevard 23222 Kumamoto,9101a5eb96b265db588d6d6c73ba8a5c
16,10016,Hugo.Pete@gmail.com,478-252-9182,OTP,Japan,Hugo Peters,678 Maple Drive 63101 Gifu,a226dc83a082dc2ba244600b33f68d49
17,10017,Heidi.Sing@gmail.com,550-445-7785,device,Japan,Heidi Singh,678 Cedar Street 63103 Tochigi,973fea1cbc6b47bb762744ca6e03bde6
18,10018,Ellen.Carl@gmail.com,625-338-5795,device,Japan,Ellen Carlson,123 Maple Way 33601 Iwate,a57baa0f84cac878e914e3a94ebfbef6
19,10019,Beatrice.Ward@gmail.com,390-527-9522,device,Japan,Beatrice Ward,456 Willow Crescent 32804 Ibaraki,de06c7a5f5a02fa1dade07c773ace5ec
